{
    "bleu_1": 68.02218114590013,
    "bleu_2": 57.1164449124731,
    "bleu_3": 48.12636105066904,
    "bleu_4": 40.32053575253493,
    "meteor": 39.278966076662186,
    "rouge_l": 66.57645588896825,
    "cider_d": 409.686700937501,
    "spice": 50.65027015049978,
    "spider": 230.16848554400036,
    "S_Blue": 40.045964049143244,
    "S_Blue_1": 67.65249537892791,
    "S_Blue_2": 47.755102040816325,
    "S_Blue_3": 33.94077448747153,
    "S_Blue_4": 23.45360824742268
}