{
    "bleu_1": 58.62523777754007,
    "bleu_2": 45.316553878507335,
    "bleu_3": 36.06468161740785,
    "bleu_4": 28.52479582568496,
    "meteor": 31.28286245935764,
    "rouge_l": 55.7520904546281,
    "cider_d": 299.111870547826,
    "spice": 42.29427435309789,
    "spider": 170.70307245046195,
    "S_Blue": 28.716141926910947,
    "S_Blue_1": 61.44278606965174,
    "S_Blue_2": 36.75213675213675,
    "S_Blue_3": 24.0,
    "S_Blue_4": 14.859437751004016
}