{
    "bleu_1": 46.65522189024068,
    "bleu_2": 34.67104504195972,
    "bleu_3": 25.767179570471953,
    "bleu_4": 19.27067113411125,
    "meteor": 23.682300792289663,
    "rouge_l": 42.00182353150566,
    "cider_d": 185.2351280621476,
    "spice": 26.166346376879655,
    "spider": 105.70073721951363,
    "S_Blue": 19.10705625117865,
    "S_Blue_1": 50.19305019305019,
    "S_Blue_2": 27.623126338329765,
    "S_Blue_3": 15.14423076923077,
    "S_Blue_4": 8.446866485013624
}