{
    "bleu_1": 60.34482758603349,
    "bleu_2": 51.394125049615035,
    "bleu_3": 43.37456639823613,
    "bleu_4": 36.62560613656649,
    "meteor": 33.73081066530195,
    "rouge_l": 61.059805610243735,
    "cider_d": 392.4379662579235,
    "spice": 35.498259910024615,
    "spider": 213.9681130839741,
    "S_Blue": 37.005270030680144,
    "S_Blue_1": 59.475218658892125,
    "S_Blue_2": 44.178082191780824,
    "S_Blue_3": 31.53526970954357,
    "S_Blue_4": 22.63157894736842
}