{
    "bleu_1": 60.65539473125108,
    "bleu_2": 49.44309939310992,
    "bleu_3": 40.21078853648993,
    "bleu_4": 33.2727357471509,
    "meteor": 32.40587594903799,
    "rouge_l": 57.72577711480514,
    "cider_d": 350.7503545797861,
    "spice": 40.3793263355394,
    "spider": 195.56484045766277,
    "S_Blue": 33.185445346047715,
    "S_Blue_1": 62.24899598393574,
    "S_Blue_2": 41.16331096196868,
    "S_Blue_3": 27.272727272727273,
    "S_Blue_4": 19.420289855072465
}