{
    "bleu_1": 51.22423252604107,
    "bleu_2": 38.56693876725259,
    "bleu_3": 29.302701939942,
    "bleu_4": 21.790254350111223,
    "meteor": 27.16387916689107,
    "rouge_l": 49.08416756999775,
    "cider_d": 242.02289328987243,
    "spice": 31.704611103588082,
    "spider": 136.86375219673025,
    "S_Blue": 21.44066622316112,
    "S_Blue_1": 54.58015267175573,
    "S_Blue_2": 30.6553911205074,
    "S_Blue_3": 17.53554502369668,
    "S_Blue_4": 9.408602150537634
}