{
    "bleu_1": 51.226993864873535,
    "bleu_2": 39.320780953906635,
    "bleu_3": 30.961469776336052,
    "bleu_4": 24.133158401632222,
    "meteor": 27.474900670751225,
    "rouge_l": 50.713107158188784,
    "cider_d": 248.8341493752052,
    "spice": 21.83006535947713,
    "spider": 135.33210736734117,
    "S_Blue": 23.097351198066356,
    "S_Blue_1": 50.156739811912225,
    "S_Blue_2": 28.73134328358209,
    "S_Blue_3": 18.433179723502302,
    "S_Blue_4": 10.714285714285714
}