{
    "bleu_1": 24.432723540573473,
    "bleu_2": 11.549765095311278,
    "bleu_3": 6.003489548380019,
    "bleu_4": 3.1546933412350415,
    "meteor": 12.416781332563865,
    "rouge_l": 22.759464150839417,
    "cider_d": 59.409772330595324,
    "spice": 14.391675862264098,
    "spider": 36.90072409642971,
    "S_Blue": 3.1819663082648053,
    "S_Blue_1": 26.703499079189687,
    "S_Blue_2": 6.097560975609756,
    "S_Blue_3": 1.8140589569160999,
    "S_Blue_4": 0.5128205128205128
}