{
    "bleu_1": 22.89177627920586,
    "bleu_2": 10.608148661182973,
    "bleu_3": 4.158538719293692,
    "bleu_4": 0.000407909954252463,
    "meteor": 9.322951320928661,
    "rouge_l": 21.65303552718856,
    "cider_d": 50.21453767418398,
    "spice": 10.367540955776251,
    "spider": 30.291039314980118,
    "S_Blue": 1.9788376244787083,
    "S_Blue_1": 22.531645569620252,
    "S_Blue_2": 5.232558139534884,
    "S_Blue_3": 0.6825938566552902,
    "S_Blue_4": 0.2066115702479339
}