{
    "bleu_1": 25.97322916896522,
    "bleu_2": 13.669393725454698,
    "bleu_3": 6.421895861316035,
    "bleu_4": 3.272923851296889,
    "meteor": 11.037261993425442,
    "rouge_l": 22.53047294626076,
    "cider_d": 68.605114385637,
    "spice": 15.060875943228885,
    "spider": 41.83299516443294,
    "S_Blue": 3.2114855286371977,
    "S_Blue_1": 25.654450261780106,
    "S_Blue_2": 6.646525679758308,
    "S_Blue_3": 1.4285714285714286,
    "S_Blue_4": 0.4366812227074236
}