{
    "bleu_1": 46.41178768827,
    "bleu_2": 31.211025322299324,
    "bleu_3": 21.535532816851017,
    "bleu_4": 15.636427886287219,
    "meteor": 25.32778062665396,
    "rouge_l": 45.03391481908517,
    "cider_d": 209.9034221582344,
    "spice": 33.628114164446345,
    "spider": 121.76576816134038,
    "S_Blue": 15.560513729012493,
    "S_Blue_1": 48.743718592964825,
    "S_Blue_2": 21.902017291066283,
    "S_Blue_3": 10.81081081081081,
    "S_Blue_4": 6.530612244897959
}