{
    "bleu_1": 57.559492439807705,
    "bleu_2": 45.77242987564068,
    "bleu_3": 37.4318799564145,
    "bleu_4": 31.351246137679667,
    "meteor": 30.52525553825898,
    "rouge_l": 54.68045764992354,
    "cider_d": 294.06874596152716,
    "spice": 38.14834510882589,
    "spider": 166.10854553517655,
    "S_Blue": 31.47940214906094,
    "S_Blue_1": 60.714285714285715,
    "S_Blue_2": 38.25363825363825,
    "S_Blue_3": 26.511627906976745,
    "S_Blue_4": 19.68503937007874
}