{
    "bleu_1": 47.603063745379814,
    "bleu_2": 32.25679543622441,
    "bleu_3": 22.02462920828565,
    "bleu_4": 15.751693252828158,
    "meteor": 24.02770916971585,
    "rouge_l": 44.9343083921904,
    "cider_d": 193.13390412246892,
    "spice": 25.959494826861583,
    "spider": 109.54669947466525,
    "S_Blue": 15.678893670608607,
    "S_Blue_1": 48.22857142857143,
    "S_Blue_2": 22.0873786407767,
    "S_Blue_3": 10.349288486416558,
    "S_Blue_4": 5.8171745152354575
}