{
    "bleu_1": 63.050816234026044,
    "bleu_2": 50.401529041589875,
    "bleu_3": 39.87222949707937,
    "bleu_4": 31.41534275577529,
    "meteor": 33.86748406765058,
    "rouge_l": 61.502108854300076,
    "cider_d": 340.4694438863281,
    "spice": 40.37631758219993,
    "spider": 190.422880734264,
    "S_Blue": 31.163173012728194,
    "S_Blue_1": 64.0,
    "S_Blue_2": 41.260744985673355,
    "S_Blue_3": 25.503355704697988,
    "S_Blue_4": 15.789473684210526
}