{
    "bleu_1": 59.64912280684314,
    "bleu_2": 46.39275736924887,
    "bleu_3": 36.44972839480493,
    "bleu_4": 28.290477224365386,
    "meteor": 31.728484660444128,
    "rouge_l": 58.206672060959754,
    "cider_d": 306.14599661945874,
    "spice": 40.493069022480796,
    "spider": 173.31953282096975,
    "S_Blue": 27.95600535805447,
    "S_Blue_1": 58.98203592814371,
    "S_Blue_2": 35.68904593639576,
    "S_Blue_3": 22.413793103448278,
    "S_Blue_4": 13.259668508287293
}