{
    "bleu_1": 64.3336895182557,
    "bleu_2": 52.350794726225224,
    "bleu_3": 42.774559704019424,
    "bleu_4": 34.9763569620097,
    "meteor": 33.60178746657516,
    "rouge_l": 61.910061469633945,
    "cider_d": 354.7337094192229,
    "spice": 36.16850949895933,
    "spider": 195.45110945909113,
    "S_Blue": 34.861276964786576,
    "S_Blue_1": 66.0919540229885,
    "S_Blue_2": 44.10774410774411,
    "S_Blue_3": 29.26829268292683,
    "S_Blue_4": 20.100502512562816
}