{
    "bleu_1": 56.04358799460424,
    "bleu_2": 44.235325266819295,
    "bleu_3": 34.84850169809121,
    "bleu_4": 28.673524689822287,
    "meteor": 29.63672815851218,
    "rouge_l": 56.73355526173501,
    "cider_d": 280.8415489872477,
    "spice": 24.789676554382435,
    "spider": 152.81561277081505,
    "S_Blue": 28.349697201820693,
    "S_Blue_1": 55.98705501618123,
    "S_Blue_2": 35.65891472868217,
    "S_Blue_3": 22.115384615384617,
    "S_Blue_4": 17.088607594936708
}