{
    "bleu_1": 46.926114936762936,
    "bleu_2": 35.419345411563356,
    "bleu_3": 27.81910316515519,
    "bleu_4": 21.72095047698363,
    "meteor": 26.09556998796931,
    "rouge_l": 44.21502962992714,
    "cider_d": 201.22067630724462,
    "spice": 17.415612709730357,
    "spider": 109.31814450848749,
    "S_Blue": 21.48047383791879,
    "S_Blue_1": 47.82608695652174,
    "S_Blue_2": 28.04428044280443,
    "S_Blue_3": 18.636363636363637,
    "S_Blue_4": 10.919540229885058
}