{
    "bleu_1": 53.417889304375265,
    "bleu_2": 40.03351180077834,
    "bleu_3": 30.817878855282505,
    "bleu_4": 24.529830825156772,
    "meteor": 28.202935626113135,
    "rouge_l": 51.36867187366414,
    "cider_d": 252.47643393035642,
    "spice": 25.59446000622471,
    "spider": 139.03544696829056,
    "S_Blue": 24.18884155678062,
    "S_Blue_1": 56.71641791044776,
    "S_Blue_2": 31.90883190883191,
    "S_Blue_3": 19.333333333333332,
    "S_Blue_4": 12.8
}