{
    "bleu_1": 66.57869884465775,
    "bleu_2": 56.23751914393262,
    "bleu_3": 48.064073018907024,
    "bleu_4": 41.46313171081675,
    "meteor": 35.84911822904626,
    "rouge_l": 64.60078308866275,
    "cider_d": 403.23505828845265,
    "spice": 47.5083301294374,
    "spider": 225.37169420894503,
    "S_Blue": 41.646444096829306,
    "S_Blue_1": 67.61133603238866,
    "S_Blue_2": 48.53273137697517,
    "S_Blue_3": 35.96938775510204,
    "S_Blue_4": 27.19298245614035
}