{
    "bleu_1": 62.69526062792929,
    "bleu_2": 51.414389366917476,
    "bleu_3": 42.95109020513942,
    "bleu_4": 36.33984042888537,
    "meteor": 35.59605691112429,
    "rouge_l": 64.75640564894766,
    "cider_d": 387.1941951024039,
    "spice": 45.14822131604138,
    "spider": 216.17120820922264,
    "S_Blue": 36.28098990902255,
    "S_Blue_1": 67.37288135593221,
    "S_Blue_2": 45.36817102137767,
    "S_Blue_3": 32.16216216216216,
    "S_Blue_4": 23.510971786833856
}