{
    "bleu_1": 47.23251772007295,
    "bleu_2": 33.43277872220653,
    "bleu_3": 24.274601166174385,
    "bleu_4": 18.29573620618924,
    "meteor": 25.195329025040298,
    "rouge_l": 46.538297691993336,
    "cider_d": 213.99594296034707,
    "spice": 23.94981122535302,
    "spider": 118.97287709285006,
    "S_Blue": 15.909379991564391,
    "S_Blue_1": 51.46726862302483,
    "S_Blue_2": 25.76530612244898,
    "S_Blue_3": 14.07624633431085,
    "S_Blue_4": 8.620689655172415
}