{
    "bleu_1": 43.09130167803812,
    "bleu_2": 29.404541158223836,
    "bleu_3": 20.66399103523962,
    "bleu_4": 14.373723594999404,
    "meteor": 23.357674211479342,
    "rouge_l": 40.1541970326769,
    "cider_d": 166.81976836056734,
    "spice": 22.146792369092893,
    "spider": 94.48328036483011,
    "S_Blue": 12.545484461680378,
    "S_Blue_1": 43.30543933054393,
    "S_Blue_2": 20.140515222482435,
    "S_Blue_3": 10.106382978723405,
    "S_Blue_4": 4.923076923076923
}