{
    "bleu_1": 48.1668079530668,
    "bleu_2": 35.81990190232196,
    "bleu_3": 26.537071070868016,
    "bleu_4": 19.87261841934774,
    "meteor": 26.818135101574146,
    "rouge_l": 46.163974820001286,
    "cider_d": 206.8213271066687,
    "spice": 29.523058067949705,
    "spider": 118.1721925873092,
    "S_Blue": 17.041366425494832,
    "S_Blue_1": 50.76586433260394,
    "S_Blue_2": 27.586206896551722,
    "S_Blue_3": 15.211267605633802,
    "S_Blue_4": 8.552631578947368
}