{
    "bleu_1": 40.325168454190866,
    "bleu_2": 25.963077050083754,
    "bleu_3": 16.75041878715236,
    "bleu_4": 11.317565927758457,
    "meteor": 23.03912743941731,
    "rouge_l": 38.550934631346884,
    "cider_d": 157.27489535429572,
    "spice": 24.33745928555617,
    "spider": 90.80617731992595,
    "S_Blue": 9.7132174011554,
    "S_Blue_1": 44.96487119437939,
    "S_Blue_2": 18.617021276595743,
    "S_Blue_3": 8.0,
    "S_Blue_4": 4.014598540145985
}