{
    "bleu_1": 40.28921373016223,
    "bleu_2": 26.294096385926885,
    "bleu_3": 17.059905351761902,
    "bleu_4": 10.540485443908059,
    "meteor": 22.713031319655673,
    "rouge_l": 36.70791371223676,
    "cider_d": 142.68855744829816,
    "spice": 29.43886179180297,
    "spider": 86.06370962005056,
    "S_Blue": 9.167561792331297,
    "S_Blue_1": 42.95302013422819,
    "S_Blue_2": 18.68686868686869,
    "S_Blue_3": 7.826086956521739,
    "S_Blue_4": 2.7027027027027026
}