{
    "bleu_1": 56.04187041809673,
    "bleu_2": 43.20372475605998,
    "bleu_3": 33.14468873439333,
    "bleu_4": 25.517557103558026,
    "meteor": 30.16473375495093,
    "rouge_l": 52.17729643337926,
    "cider_d": 261.0507125081619,
    "spice": 33.7040141711422,
    "spider": 147.37736333965205,
    "S_Blue": 21.453156372380736,
    "S_Blue_1": 57.93991416309013,
    "S_Blue_2": 33.493975903614455,
    "S_Blue_3": 19.23076923076923,
    "S_Blue_4": 11.182108626198083
}