{
    "bleu_1": 47.40214161271382,
    "bleu_2": 33.91677132399976,
    "bleu_3": 24.897435560607185,
    "bleu_4": 18.33727304763754,
    "meteor": 24.219512959972146,
    "rouge_l": 46.617368549364684,
    "cider_d": 218.15738141021313,
    "spice": 19.36983775446715,
    "spider": 118.76360958234014,
    "S_Blue": 15.841269996251333,
    "S_Blue_1": 48.82226980728051,
    "S_Blue_2": 24.51923076923077,
    "S_Blue_3": 13.424657534246576,
    "S_Blue_4": 7.643312101910828
}