{
    "bleu_1": 50.48293277395368,
    "bleu_2": 36.958076899207235,
    "bleu_3": 26.718533653296195,
    "bleu_4": 18.93187302713531,
    "meteor": 26.85677466604068,
    "rouge_l": 49.71460729161873,
    "cider_d": 223.62225466518214,
    "spice": 27.659851042203982,
    "spider": 125.64105285369305,
    "S_Blue": 16.32789133192406,
    "S_Blue_1": 51.939655172413794,
    "S_Blue_2": 27.602905569007262,
    "S_Blue_3": 14.088397790055248,
    "S_Blue_4": 7.07395498392283
}