{
    "bleu_1": 56.074674346262434,
    "bleu_2": 44.35662477708927,
    "bleu_3": 35.26470801954087,
    "bleu_4": 27.66375913697738,
    "meteor": 30.622049042019523,
    "rouge_l": 53.16788596743618,
    "cider_d": 291.55965869576966,
    "spice": 31.016415453003386,
    "spider": 161.28803707438652,
    "S_Blue": 22.807143635641786,
    "S_Blue_1": 56.75105485232068,
    "S_Blue_2": 34.515366430260045,
    "S_Blue_3": 20.698924731182796,
    "S_Blue_4": 12.149532710280374
}