{
    "bleu_1": 52.15574077977239,
    "bleu_2": 38.486057522459255,
    "bleu_3": 27.919262451358932,
    "bleu_4": 19.069177519005077,
    "meteor": 27.244858029061103,
    "rouge_l": 48.80321281903121,
    "cider_d": 221.3319958047975,
    "spice": 25.393038334214808,
    "spider": 123.36251706950617,
    "S_Blue": 15.94093822514536,
    "S_Blue_1": 53.15126050420168,
    "S_Blue_2": 28.0,
    "S_Blue_3": 13.903743315508022,
    "S_Blue_4": 5.572755417956657
}