{
    "bleu_1": 46.96805344495603,
    "bleu_2": 31.61952617182866,
    "bleu_3": 21.177551805151065,
    "bleu_4": 13.953532589108447,
    "meteor": 24.42178811706811,
    "rouge_l": 42.87674730675774,
    "cider_d": 184.43566930722844,
    "spice": 19.80816569051863,
    "spider": 102.12191749887354,
    "S_Blue": 12.00264328191217,
    "S_Blue_1": 49.0238611713666,
    "S_Blue_2": 21.951219512195124,
    "S_Blue_3": 9.470752089136491,
    "S_Blue_4": 4.220779220779221
}