{
    "bleu_1": 47.54928477418133,
    "bleu_2": 33.02106913807257,
    "bleu_3": 23.33426588244702,
    "bleu_4": 16.527547679812958,
    "meteor": 25.505810439049547,
    "rouge_l": 45.09021067639881,
    "cider_d": 206.8692490784212,
    "spice": 26.01537895655543,
    "spider": 116.4423140174883,
    "S_Blue": 14.229987593664202,
    "S_Blue_1": 50.32967032967033,
    "S_Blue_2": 24.00990099009901,
    "S_Blue_3": 11.898016997167138,
    "S_Blue_4": 6.291390728476821
}