{
    "bleu_1": 41.55033489434748,
    "bleu_2": 27.930417512262245,
    "bleu_3": 18.38358122336226,
    "bleu_4": 12.335817248283647,
    "meteor": 22.038825684656516,
    "rouge_l": 40.46217086164033,
    "cider_d": 171.73474133953073,
    "spice": 23.562494150729442,
    "spider": 97.64861774513008,
    "S_Blue": 10.793970528837663,
    "S_Blue_1": 44.666666666666664,
    "S_Blue_2": 20.30075187969925,
    "S_Blue_3": 8.620689655172415,
    "S_Blue_4": 4.040404040404041
}