{
    "bleu_1": 46.35816486791089,
    "bleu_2": 32.416027299909175,
    "bleu_3": 22.106363478147937,
    "bleu_4": 15.623878165501957,
    "meteor": 25.755121419917828,
    "rouge_l": 43.087120259666094,
    "cider_d": 195.59797235143634,
    "spice": 26.992204258640246,
    "spider": 111.29508830503829,
    "S_Blue": 13.238043991366157,
    "S_Blue_1": 47.956989247311824,
    "S_Blue_2": 22.946859903381643,
    "S_Blue_3": 10.192837465564738,
    "S_Blue_4": 5.448717948717949
}