{
    "bleu_1": 45.32413019352901,
    "bleu_2": 31.891350825948408,
    "bleu_3": 22.768265431820453,
    "bleu_4": 16.986993183114617,
    "meteor": 23.127703594830752,
    "rouge_l": 42.20514171341904,
    "cider_d": 197.5473081029133,
    "spice": 21.279666151788913,
    "spider": 109.4134871273511,
    "S_Blue": 14.938092539907345,
    "S_Blue_1": 47.41379310344828,
    "S_Blue_2": 23.486682808716708,
    "S_Blue_3": 12.154696132596685,
    "S_Blue_4": 7.395498392282958
}